
Insert INTO Members 
VALUES ( 'omarh200111@hotmail.com', 'shithappens', 'roleplay'); --normal
Insert INTO Members
 VALUES ('lalalal@hotmail.com', 'leeehehhe', 'strategy'); --normal
 Insert INTO Members
 VALUES ('bateekha@gmail.com', 'mwahaha', 'sports');  --dev
 Insert INTO Members 
 VALUES ('ma7shy@yahoo.com', 'btengan', 'strategy');  --dev
 Insert INTO Members
 VALUES ('ebrahem.sa@gmail.com', 'anareweshgedan', 'action'); --verrev
 Insert INTO Members
 VALUES ('omar_hossam_95@hotmail.com', 'anasocool', 'sport'); --normal
 Insert INTO Members
 VALUES ('toota@gmail.com', 'LALALALA', 'roleplay'); --verrev
 Insert INTO Members
 VALUES ('wednoshaklahawe7esh@hotmail.com', 'gedanwallahy', 'action'); --normal


 ---------------
 
INSERT INTO Normal_Users VALUES ('wednoshaklahawe7esh@hotmail.com', 'fawzy', 'mostafa', '1950'); --howa el age howa el hay-caluclate it, sa7?
INSERT INTO Normal_Users VALUES ('omar_hossam_95@hotmail.com', 'omar', 'hossam', '1994');
INSERT INTO Normal_Users VALUES ('lalalal@hotmail.com', 'lala', 'land', '1990');
INSERT INTO Normal_Users VALUES ('omarh200111@hotmail.com', 'omar', 'wahed tany', '1967');
---------


INSERT INTO Normal_User_adds_normal_user VALUES 
('omarh200111@hotmail.com', 'lalalal@hotmail.com', 0);


---------------
INSERT INTO Messages (sender,reciever,date_of_messages,content) VALUES 
 ('omarh200111@hotmail.com', 'lalalal@hotmail.com', '11/16/2015','jhaskjhdjahdjkahdkjahdkjahdkjahdkjahjkahdkjahdjkahdkja');

--------

INSERT INTO Development_Teams VALUES 
('bateekha@gmail.com', 'gucians suck', 'guc', '02/03/1990');
INSERT INTO Development_Teams VALUES 
('ma7shy@yahoo.com', 'the oopa bloopians', 'oppa bloopa company','11/12/2013');


------------

INSERT INTO Verified_Reviewers VALUES 
('ebrahem.sa@gmail.com', 'now watch me', 'naenae', '12');
INSERT INTO Verified_Reviewers VALUES
 ('toota@gmail.com', 'fatoooomz', 'batta', '2');

 -------------
 
INSERT INTO Communities VALUES
('hakoona mattata', 'it means no worries', 'for the rest of your dayyyyyssssssssss');
INSERT INTO Communities VALUES ('nemoot', 'kolena', 'mente7reen :v' );
INSERT INTO Communities VALUES ('blabloop', 'bala neela', 'better work' );
--------------
INSERT INTO Creates VALUES ('nemoot', 'wednoshaklahawe7esh@hotmail.com', 1); --el user id hena eh? 
INSERT INTO Creates VALUES('hakoona mattata', 'omarh200111@hotmail.com',1);
INSERT INTO Creates VALUES('blabloop', 'lalalal@hotmail.com', 0);
--------------
INSERT INTO Joins VALUES ('nemoot', 'toota@gmail.com');  
--------------------
INSERT INTO Topics VALUES ('nemoot', 'title title', 'jadhjkahdkjahjkhaskjdashh description of Topics', 'lalalal@hotmail.com'); --msh el mafroud el int autoincrement?

-----------------
INSERT INTO Topic_comments VALUES ('nemoot', 1, 1, 'wednoshaklahawe7esh@hotmail.com', 'content ekjckljskljkladjlad', '1999/02/25');

--------------------
INSERT INTO Conferences VALUES ( 'con1', 7, '2015/12/12', '2015/12/19', 'masr' );

------------
INSERT INTO Attend VALUES ('bateekha@gmail.com', 1);

------------------
INSERT INTO Conference_Reviews VALUES (1, 'bateekha@gmail.com', 'very boring conference, needs improvment', '2015/12/23');

-------------
INSERT INTO Conference_Review_Comments VALUES (1,1,1,'SUCKAAAAAAAAAAAS', 'ma7shy@yahoo.com');

---------------
Insert into Games VALUES('strategy game', '10/10/1999', '4', '13' ,'bateekha@gmail.com',1 );
Insert into Games VALUES('act', '10/10/1999', '4', '13' ,'bateekha@gmail.com',1 );
Insert into Games VALUES('roleplay game', '10/10/1999', '4', '13' ,'bateekha@gmail.com',1 );
Insert into Games VALUES('sports game', '10/10/1999', '4', '13' ,'bateekha@gmail.com',1 )
------------------
INSERT INTO Screenshots Values (1, 'akjdlkajdklajdlkdjlkjla', 'lskdlsklkdldkldks', '12/12/2000');

---------------------
 INSERT INTO Videos VALUES (1, 'ldkadkadkad' , 'dljakdjakdja','12/12/2000');

 --------------
 INSERT INTO ActionG VALUES ('sub genre is blabla', 2);

 ----------------
 INSERT INTO Sports VALUES ('basketball', 4);

 ------------------
 INSERT INTO RPG values ('story line bla', 1,3);

 ----------------
 
INSERT INTO Rate( graphics, level_design, interactivity, uniqueness) VALUES (1,2,3,4);
INSERT INTO Rate( graphics, level_design, interactivity, uniqueness) VALUES (2,6,7,8);
INSERT INTO Rate( graphics, level_design, interactivity, uniqueness) VALUES (3,2,3,4);
---------------------
INSERT INTO Review VALUES (1,'ebrahem.sa@gmail.com', '12/12/2000', 'excellent thing');

----------
INSERT INTO Review_comment VALUES (1, 'omar_hossam_95@hotmail.com', 'ja ja agreed');

-------------\
INSERT INTO Present VALUES (1,1, 'ma7shy@yahoo.com');

-----
INSERT INTO Recommended VALUES (1,2,1);




















